sample_id	ras_score	tp53_score	nf1_score	ras_shuffle	tp53_shuffle	nf1_shuffle
BS_4BGSTBN0	0.2808402362046682	0.11236006656445799	0.4346965866856274	0.563566528139304	0.5045191456310556	0.5225205204647573
BS_V558NW3Q	0.7191597637953321	0.8876399334355419	0.5653034133143726	0.4364334718606964	0.4954808543689444	0.47747947953524283
