sample_id	ras_score	tp53_score	nf1_score	ras_shuffle	tp53_shuffle	nf1_shuffle
BS_BYCX6VK1	0.6680671351845486	0.1661055209248319	0.6896307107773287	0.4085218930084068	0.22713644719242848	0.5962761695508974
BS_XZM79E42	0.291963992729641	0.8118150624214194	0.4335429665467509	0.48983578425578866	0.6805454703607073	0.6707775201539969
TARGET-30-PASFIC-01A-01R	0.5264168140471264	0.8198183476251267	0.3616705610950473	0.5708160978157532	0.3557021856075852	0.40770593234980934
TARGET-30-PATDXG-01A-01R	0.5676837877692478	0.2940380436505593	0.5360620782265048	0.5046832252469624	0.5538111830181018	0.3020340578152674
TARGET-30-PATHVK-01A-01R	0.4522052588133851	0.3804523138691141	0.4731853679979847	0.5266812799916093	0.6997814901820765	0.5273254890210105
